{
  "dashboard": {
    "id": null,
    "uid": "warwifi-wifi-sec",
    "title": "WARWIFI - WiFi Security Monitor",
    "tags": ["wifi", "security", "warwifi"],
    "timezone": "browser",
    "panels": [
      {
        "type": "graph",
        "title": "Pacotes Deautenticação Detectados",
        "targets": [
          {
            "expr": "sum(warwifi_deauth_packets)",
            "legendFormat": "Deauth"
          }
        ],
        "datasource": "Prometheus",
        "gridPos": { "x": 0, "y": 0, "w": 12, "h": 8 }
      },
      {
        "type": "stat",
        "title": "VPN Ativa",
        "targets": [
          {
            "expr": "warwifi_vpn_active"
          }
        ],
        "datasource": "Prometheus",
        "gridPos": { "x": 12, "y": 0, "w": 12, "h": 4 }
      },
      {
        "type": "logs",
        "title": "Logs WARWIFI",
        "datasource": "Loki",
        "gridPos": { "x": 0, "y": 8, "w": 24, "h": 10 }
      }
    ],
    "schemaVersion": 30,
    "version": 1
  }
}
